V1,V2,V3,V4,V5,V6,V7,V8,V9,V10,V11,V12,V13,V14,V15,V16,V17,V18,V19,V20,V21,V22,V23,V24,V25,V26,V27,V28,V29,V30,V31,V32,V33,V34,V35,V36,V37,V38,V39,V40,Label
1.84,34,34.16,36,33,3,0.42286,0.65027,34.166,-1,1.14,-127,-127.14,-126,-128,2,0.20449,0.45221,127.14,0,0.6,20,20.4,21,19,2,0.32653,0.57143,20.408,0,0.1,398,397.9,398,397,1,0.091837,0.30305,397.9,-1,1
1.16,34,33.84,35,32,3,0.62694,0.79179,33.849,-1,1.14,-127,-127.14,-126,-128,2,0.20449,0.45221,127.14,0,2.14,21,20.86,23,19,4,0.81673,0.90373,20.879,0,0.58,397,397.42,398,397,1,0.24857,0.49857,397.42,0,1
0.88,35,35.12,36,34,2,0.27102,0.5206,35.124,1,0.96,-127,-126.96,-126,-128,2,0.08,0.28284,126.96,0,1.32,21,20.68,22,19,3,0.38531,0.62073,20.689,0,0.04,399,398.96,399,398,1,0.039184,0.19795,398.96,0,1
2.82,35,35.18,38,32,6,1.62,1.2728,35.203,3,1.02,-127,-127.02,-126,-128,2,0.2649,0.51468,127.02,1,1.7,20,20.3,22,19,3,0.41837,0.64681,20.31,1,1.02,399,398.98,400,398,2,0.71388,0.84491,398.98,2,1
3.96,34,34.04,38,30,8,2.7739,1.6655,34.08,1,1.48,-127,-127.48,-126,-131,5,0.70367,0.83885,127.48,0,3.14,19,18.86,22,17,5,1.1433,1.0692,18.89,1,3.5,392,392.5,396,391,5,2.5816,1.6067,392.5,-4,1
1.9,36,36.1,38,34,4,0.70408,0.8391,36.11,0,0.9,-127,-126.9,-126,-128,2,0.17347,0.4165,126.9,1,1.64,19,19.36,21,17,4,0.48,0.69282,19.372,1,0.68,400,400.32,401,400,1,0.22204,0.47121,400.32,-1,1
1.34,34,33.66,35,32,3,0.43306,0.65807,33.666,1,1.18,-127,-127.18,-126,-128,2,0.19143,0.43753,127.18,0,1.72,21,21.28,23,20,3,0.65469,0.80913,21.295,0,0.42,398,397.58,398,397,1,0.24857,0.49857,397.58,1,1
2.16,36,35.84,38,33,5,1.28,1.1314,35.857,-1,0.88,-127,-126.88,-126,-128,2,0.27102,0.5206,126.88,0,1.66,20,20.34,22,19,3,0.39224,0.62629,20.349,0,0.06,400,399.94,400,399,1,0.057551,0.2399,399.94,1,1
2.62,36,36.38,39,35,4,0.64857,0.80534,36.389,-2,2.74,-127,-126.74,-124,-127,3,0.31878,0.5646,126.74,0,0.78,20,20.22,21,18,3,0.37918,0.61578,20.229,0,0,401,401,401,401,0,0,0,401,0,1
2.7,36,36.3,39,35,4,0.94898,0.97416,36.313,2,2.82,-127,-126.82,-124,-128,4,0.39551,0.6289,126.82,0,1.88,20,20.12,22,18,4,0.59755,0.77301,20.135,0,0.14,401,400.86,401,400,1,0.12286,0.35051,400.86,0,1
1.42,36,35.58,37,34,3,0.45265,0.67279,35.586,1,0.96,-127,-126.96,-126,-128,2,0.20245,0.44994,126.96,-2,0.96,20,20.04,21,17,4,0.48816,0.69869,20.052,-1,0.92,400,400.08,401,400,1,0.075102,0.27405,400.08,0,1
3.16,35,34.84,38,32,6,1.2392,1.1132,34.857,1,1.1,-127,-127.1,-126,-128,2,0.21429,0.46291,127.1,-1,2.46,20,19.54,22,17,5,0.8249,0.90824,19.561,3,2.08,394,392.92,395,391,4,2.6057,1.6142,392.92,3,1
1.04,35,34.96,36,34,2,0.44735,0.66884,34.966,0,0.96,-127,-126.96,-126,-128,2,0.20245,0.44994,126.96,0,1.16,21,20.84,22,20,2,0.34122,0.58414,20.848,0,0,399,399,399,399,0,0,0,399,0,1
2.2,36,35.8,38,33,5,0.81633,0.90351,35.811,1,0.88,-127,-126.88,-126,-128,2,0.2302,0.4798,126.88,0,1.64,20,20.36,22,19,3,0.35755,0.59796,20.369,1,0.86,400,400.14,401,400,1,0.12286,0.35051,400.14,1,1
1.34,36,35.66,37,33,4,0.96367,0.98167,35.673,-2,0.96,-127,-126.96,-126,-129,3,0.3249,0.57,126.96,0,1.26,20,19.74,21,18,3,0.68612,0.82833,19.757,-2,0.84,401,400.16,401,398,3,1.0759,1.0373,400.16,-3,1
3.24,33.5,33.76,37,31,6,2.0637,1.4365,33.79,-5,1.58,-128,-127.58,-126,-131,5,0.73837,0.85928,127.58,-5,2.76,19,19.24,22,17,5,1.3698,1.1704,19.275,-1,2,397,396,398,393,5,2.8571,1.6903,396,-4,1
4.44,34,33.56,38,31,7,1.3535,1.1634,33.58,3,1.24,-127,-127.24,-126,-129,3,0.51265,0.716,127.24,2,1.32,20,19.68,21,18,3,0.58939,0.76772,19.695,0,0.9,397,397.1,398,397,1,0.091837,0.30305,397.1,1,1
1.44,35,34.56,36,32,4,0.53714,0.7329,34.568,-1,1.16,-127,-127.16,-126,-128,2,0.21878,0.46773,127.16,0,1.7,20,20.3,22,19,3,0.37755,0.61445,20.309,0,1.34,399,398.66,400,398,2,0.31061,0.55733,398.66,0,1
3.62,37,36.38,40,32,8,3.9547,1.9886,36.433,-4,1.7,-127,-126.7,-125,-129,4,0.82653,0.90914,126.7,-2,1.2,21,20.8,22,18,4,0.89796,0.94761,20.821,-3,2.06,396,395.94,398,394,4,1.8943,1.3763,395.94,4,1
1.98,35,35.02,37,33,4,0.95878,0.97917,35.033,0,1.1,-127,-127.1,-126,-128,2,0.17347,0.4165,127.1,0,1.24,20,19.76,21,18,3,0.43102,0.65652,19.771,1,0.48,395,394.52,395,394,1,0.25469,0.50467,394.52,1,1
2.8,35,35.2,38,32,6,1.551,1.2454,35.222,1,1.02,-127,-127.02,-126,-129,3,0.38735,0.62237,127.02,0,1.76,19,19.24,21,18,3,0.47184,0.6869,19.252,0,1.4,398.5,398.6,400,398,2,0.44898,0.67006,398.6,-1,1
1.08,11,10.92,12,10,2,0.15673,0.3959,10.927,0,0.4,-130,-130.4,-130,-131,1,0.2449,0.49487,130.4,1,0.98,11,11.02,12,10,2,0.18327,0.42809,11.028,1,0,414,414,414,414,0,0,0,414,0,2
0.42,11,10.58,11,10,1,0.24857,0.49857,10.592,-1,0.4,-130,-130.4,-130,-131,1,0.2449,0.49487,130.4,1,1.06,11,10.94,12,10,2,0.22082,0.46991,10.95,0,0,415,415,415,415,0,0,0,415,0,2
1.28,11,10.72,12,9,3,0.32816,0.57286,10.735,1,1.28,-130,-130.28,-129,-131,2,0.28735,0.53605,130.28,0,1.14,11,10.86,12,10,2,0.20449,0.45221,10.869,1,0,415,415,415,415,0,0,0,415,0,2
1.16,11,10.84,12,10,2,0.30041,0.5481,10.854,-1,0.34,-130,-130.34,-130,-132,2,0.2698,0.51942,130.34,0,1.16,11,10.84,12,10,2,0.21878,0.46773,10.85,0,0.16,415,414.84,415,414,1,0.13714,0.37033,414.84,1,2
1.3,11,10.7,12,9,3,0.37755,0.61445,10.717,2,1.3,-130,-130.3,-129,-131,2,0.29592,0.54398,130.3,0,1.26,11,10.74,12,9,3,0.31878,0.5646,10.755,0,0.26,415,414.74,415,414,1,0.19633,0.44309,414.74,1,2
1.32,11,10.68,12,9,3,0.50776,0.71257,10.703,0,1.44,-130,-130.44,-129,-131,2,0.29224,0.5406,130.44,-1,1.18,11,10.82,12,10,2,0.19143,0.43753,10.829,1,0.2,415,414.8,415,414,1,0.16327,0.40406,414.8,0,2
0.4,11,10.6,11,10,1,0.2449,0.49487,10.611,0,0.42,-130,-130.42,-130,-131,1,0.24857,0.49857,130.42,1,1.1,11,10.9,12,10,2,0.21429,0.46291,10.91,-1,0,415,415,415,415,0,0,0,415,0,2
1.1,11,10.9,12,10,2,0.2551,0.50508,10.911,0,0.46,-130,-130.46,-130,-131,1,0.25347,0.50346,130.46,1,1.12,11,10.88,12,10,2,0.2302,0.4798,10.89,0,0.56,414,414.44,415,414,1,0.25143,0.50143,414.44,0,2
1.28,11,10.72,12,10,2,0.24653,0.49652,10.731,0,0.4,-130,-130.4,-130,-131,1,0.2449,0.49487,130.4,0,0.22,11,10.78,11,10,1,0.1751,0.41845,10.788,0,0,415,415,415,415,0,0,0,415,0,2
1.46,11,10.54,12,10,2,0.29429,0.54248,10.554,1,0.38,-130,-130.38,-130,-131,1,0.24041,0.49031,130.38,-1,1.26,11,10.74,12,10,2,0.23714,0.48697,10.751,0,0,415,415,415,415,0,0,0,415,0,2
1.42,11,10.58,12,10,2,0.28939,0.53795,10.593,1,0.52,-131,-130.52,-130,-131,1,0.25469,0.50467,130.52,0,0.3,11,10.7,11,10,1,0.21429,0.46291,10.71,-1,0,415,415,415,415,0,0,0,415,0,2
1.06,11,10.94,12,10,2,0.22082,0.46991,10.95,0,0.36,-130,-130.36,-130,-131,1,0.2351,0.48487,130.36,0,0.76,11,11.24,12,10,2,0.22694,0.47638,11.25,-1,0,414,414,414,414,0,0,0,414,0,2
0.36,11,10.64,11,10,1,0.2351,0.48487,10.651,0,1.48,-130.5,-130.48,-129,-131,2,0.29551,0.54361,130.48,1,1.14,11,10.86,12,10,2,0.16367,0.40457,10.867,0,0,415,415,415,415,0,0,0,415,0,2
1.3,11,10.7,12,10,2,0.33673,0.58029,10.715,1,0.4,-130,-130.4,-130,-131,1,0.2449,0.49487,130.4,0,0.2,11,10.8,11,10,1,0.16327,0.40406,10.807,0,0,415,415,415,415,0,0,0,415,0,2
1.1,11,10.9,12,10,2,0.13265,0.36422,10.906,1,0.5,-130.5,-130.5,-130,-131,1,0.2551,0.50508,130.5,0,1.02,11,10.98,12,10,2,0.22408,0.47337,10.99,-1,0,414,414,414,414,0,0,0,414,0,2
0.3,11,10.7,11,10,1,0.21429,0.46291,10.71,0,0.4,-130,-130.4,-130,-131,1,0.2449,0.49487,130.4,0,1.08,11,10.92,12,10,2,0.15673,0.3959,10.927,0,0,415,415,415,415,0,0,0,415,0,2
0.4,11,10.6,11,10,1,0.2449,0.49487,10.611,0,0.4,-130,-130.4,-130,-131,1,0.2449,0.49487,130.4,0,1.12,11,10.88,12,10,2,0.2302,0.4798,10.89,0,0,415,415,415,415,0,0,0,415,0,2
1.3,11,10.7,12,10,2,0.33673,0.58029,10.715,-1,1.44,-130,-130.44,-129,-131,2,0.29224,0.5406,130.44,-1,1.2,11,10.8,12,10,2,0.2449,0.49487,10.811,-1,0,415,415,415,415,0,0,0,415,0,2
1.3,11,10.7,12,9,3,0.33673,0.58029,10.715,-1,0.52,-131,-130.52,-130,-131,1,0.25469,0.50467,130.52,0,1.18,11,10.82,12,10,2,0.23224,0.48192,10.831,0,0.16,415,414.84,415,414,1,0.13714,0.37033,414.84,0,2
1.32,11,10.68,12,9,3,0.34449,0.58693,10.696,-1,0.32,-130,-130.32,-130,-131,1,0.22204,0.47121,130.32,1,1.24,11,10.76,12,10,2,0.34939,0.59109,10.776,0,0,415,415,415,415,0,0,0,415,0,2
1.12,11,10.88,12,10,2,0.2302,0.4798,10.89,0,0.3,-130,-130.3,-130,-131,1,0.21429,0.46291,130.3,-1,0.9,11,11.1,12,10,2,0.13265,0.36422,11.106,1,0,414,414,414,414,0,0,0,414,0,2
0.52,-90,-90.52,-90,-92,2,0.33633,0.57994,90.522,2,0.94,-24,-23.94,-23,-25,2,0.18,0.42426,23.944,0,1.5,-73,-73.5,-72,-75,3,0.45918,0.67763,73.503,1,0.38,395,394.62,395,394,1,0.24041,0.49031,394.62,1,3
1.6,-91,-91.6,-90,-96,6,1.3469,1.1606,91.607,-2,1.04,-24,-24.04,-23,-25,2,0.12082,0.34759,24.042,0,5.04,-72,-72.04,-67,-75,8,2.1208,1.4563,72.054,1,0.38,397,396.62,397,396,1,0.24041,0.49031,396.62,0,3
3.18,-99,-99.18,-96,-105,9,2.3955,1.5477,99.192,-2,0.92,-24,-23.92,-23,-27,4,0.44245,0.66517,23.929,-2,5.92,-62,-61.92,-56,-65,9,2.6873,1.6393,61.941,1,0.8,395,395.2,396,394,2,0.2449,0.49487,395.2,0,3
1.72,-93,-92.72,-91,-95,4,0.49143,0.70102,92.723,1,1.06,-24,-24.06,-23,-25,2,0.18,0.42426,24.064,0,2.04,-71,-71.04,-69,-73,4,0.65143,0.80711,71.044,2,0.96,396,396.04,397,396,1,0.039184,0.19795,396.04,1,3
1.84,-99,-98.84,-97,-101,4,0.50449,0.71027,98.843,0,0.88,-24,-23.88,-23,-25,2,0.2302,0.4798,23.885,0,2.3,-62,-62.3,-60,-65,5,0.82653,0.90914,62.307,1,0.2,396,395.8,396,395,1,0.16327,0.40406,395.8,1,3
0.68,-99,-98.68,-98,-100,2,0.38531,0.62073,98.682,-1,0.84,-24,-23.84,-23,-25,2,0.21878,0.46773,23.844,0,2.58,-63,-62.58,-60,-65,5,0.69755,0.8352,62.585,1,0,396,396,396,396,0,0,0,396,0,3
2.56,-91,-90.56,-88,-92,4,0.45551,0.67491,90.562,1,0.9,-24,-23.9,-23,-25,2,0.17347,0.4165,23.904,0,3.32,-73,-73.32,-70,-75,5,0.58939,0.76772,73.324,0,0,395,395,395,395,0,0,0,395,0,3
8.62,-98,-96.62,-88,-105,17,17.914,4.2325,96.711,9,2.82,-24,-23.82,-21,-26,5,0.88531,0.94091,23.838,2,13.2,-63,-65.2,-52,-79,27,38.653,6.2172,65.49,-14,1.82,397,396.18,398,392,6,5.2935,2.3008,396.19,-6,3
1.08,-93,-93.08,-92,-95,3,0.32,0.56569,93.082,-1,0.14,-24,-24.14,-24,-25,1,0.12286,0.35051,24.142,0,0.62,-71,-70.62,-70,-72,2,0.28122,0.53031,70.622,0,0,397,397,397,397,0,0,0,397,0,3
4.46,-91,-90.46,-86,-91,5,0.8249,0.90824,90.464,-1,0.98,-24,-23.98,-23,-25,2,0.18327,0.42809,23.984,0,1.42,-73,-73.42,-72,-75,3,0.49347,0.70247,73.423,0,0.62,395,395.38,396,395,1,0.24041,0.49031,395.38,1,3
2.1,-91,-91.1,-89,-92,3,0.45918,0.67763,91.102,-1,1,-24,-24,-23,-25,2,0.2449,0.49487,24.005,0,1.74,-73,-72.74,-71,-74,3,0.48204,0.69429,72.743,0,0.88,396,396.12,397,396,1,0.10776,0.32826,396.12,1,3
0.74,-99,-98.74,-98,-100,2,0.35959,0.59966,98.742,-1,0.12,-24,-24.12,-24,-25,1,0.10776,0.32826,24.122,0,1.68,-63,-62.68,-61,-64,3,0.34449,0.58693,62.683,-2,0,398,398,398,398,0,0,0,398,0,3
1.12,-91,-91.12,-90,-92,2,0.27102,0.5206,91.121,-1,1,-24,-24,-23,-25,2,0.081633,0.28571,24.002,0,1.94,-73,-72.94,-71,-74,3,0.4249,0.65184,72.943,2,0.04,396,395.96,396,395,1,0.039184,0.19795,395.96,0,3
0.72,-91,-90.72,-90,-92,2,0.36898,0.60744,90.722,0,0.98,-24,-23.98,-23,-25,2,0.14245,0.37742,23.983,0,1.3,-73,-73.3,-72,-74,2,0.33673,0.58029,73.302,0,0,395,395,395,395,0,0,0,395,0,3
0.36,-97,-97.36,-97,-98,1,0.2351,0.48487,97.361,0,0.86,-24,-23.86,-23,-25,2,0.20449,0.45221,23.864,0,1.3,-64,-64.3,-63,-66,3,0.45918,0.67763,64.303,3,0.02,394,393.98,394,393,1,0.02,0.14142,393.98,0,3
3.16,-90,-91.16,-88,-100,12,8.2188,2.8668,91.204,10,2.66,-24,-23.66,-21,-26,5,0.96367,0.98167,23.68,0,12.64,-74,-72.64,-60,-79,19,18.153,4.2607,72.762,-12,3.26,394,393.74,397,392,5,1.7065,1.3063,393.74,-2,3
2.82,-91,-90.82,-88,-92,4,0.47714,0.69076,90.823,-1,0.98,-24,-23.98,-23,-25,2,0.14245,0.37742,23.983,1,1.26,-73,-73.26,-72,-75,3,0.35959,0.59966,73.262,-1,0.2,396,395.8,396,395,1,0.16327,0.40406,395.8,0,3
1.72,-99,-98.72,-97,-100,3,0.45061,0.67128,98.722,-1,1.02,-24,-24.02,-23,-25,2,0.22408,0.47337,24.025,-1,1.66,-63,-62.66,-61,-64,3,0.39224,0.62629,62.663,1,0.76,397,397.24,398,397,1,0.18612,0.43142,397.24,1,3
2.28,-97,-97.28,-95,-99,4,0.57306,0.75701,97.283,-2,0.8,-24,-23.8,-23,-25,2,0.20408,0.45175,23.804,-1,2.62,-64,-64.62,-62,-67,5,0.93429,0.96658,64.627,2,0.92,393,393.08,394,393,1,0.075102,0.27405,393.08,-1,3
1.28,-97,-97.28,-96,-98,2,0.24653,0.49652,97.281,-1,0.9,-24,-23.9,-23,-25,2,0.17347,0.4165,23.904,0,1.42,-64,-64.42,-63,-66,3,0.37102,0.60911,64.423,1,0.46,394,393.54,394,393,1,0.25347,0.50346,393.54,1,3
0.68,-93,-92.68,-92,-94,2,0.34449,0.58693,92.682,-1,1.02,-24,-24.02,-23,-25,2,0.18327,0.42809,24.024,0,2.02,-71,-71.02,-69,-72,3,0.42816,0.65434,71.023,0,0,397,397,397,397,0,0,0,397,0,3
2.34,-94,-94.34,-92,-96,4,0.67796,0.82338,94.344,2,0.52,-23,-23.52,-23,-25,2,0.33633,0.57994,23.527,-1,2.16,-69,-69.16,-67,-71,4,0.62694,0.79179,69.164,0,0,414,414,414,414,0,0,0,414,0,4
3.8,-89.5,-90.8,-87,-96,9,8.0408,2.8356,90.843,6,2.14,-23,-23.14,-21,-24,3,0.53102,0.72871,23.151,0,4.98,-74,-72.98,-68,-77,9,10.755,3.2794,73.052,-8,1.94,411,411.06,413,409,4,1.731,1.3157,411.06,-2,4
2.42,-96,-95.42,-93,-97,4,0.65673,0.81039,95.423,2,0.9,-23,-22.9,-22,-24,2,0.29592,0.54398,22.906,-1,4.08,-68,-68.08,-64,-70,6,1.3404,1.1578,68.09,0,0.96,414,414.04,415,414,1,0.039184,0.19795,414.04,0,4
0.34,-85,-85.34,-85,-86,1,0.22898,0.47852,85.341,0,0.5,-20.5,-20.5,-20,-21,1,0.2551,0.50508,20.506,0,0.98,-80,-79.98,-79,-81,2,0.30571,0.55291,79.982,0,0.14,416,415.86,416,415,1,0.12286,0.35051,415.86,1,4
1.04,-84,-84.04,-83,-85,2,0.12082,0.34759,84.041,0,0.42,-18,-18.42,-18,-19,1,0.24857,0.49857,18.427,1,1.36,-81,-81.36,-80,-84,4,0.52082,0.72168,81.363,1,0,416,416,416,416,0,0,0,416,0,4
1.32,-95,-95.32,-94,-98,4,0.91592,0.95704,95.325,-1,1.8,-23,-22.8,-21,-24,3,0.32653,0.57143,22.807,1,3.96,-68,-67.96,-64,-71,7,2.2024,1.4841,67.976,-1,0.08,414,413.92,414,413,1,0.075102,0.27405,413.92,1,4
2.28,-88,-88.28,-86,-90,4,0.65469,0.80913,88.284,0,0.78,-23,-22.78,-22,-24,2,0.25673,0.50669,22.786,0,2.24,-76,-76.24,-74,-79,5,0.88,0.93808,76.246,-1,0.84,413,413.16,414,412,2,0.17796,0.42185,413.16,2,4
1.06,-84,-84.06,-83,-85,2,0.18,0.42426,84.061,0,1.42,-18,-18.42,-17,-19,2,0.3302,0.57463,18.429,1,2.36,-81,-81.36,-79,-83,4,0.52082,0.72168,81.363,-1,0.02,416,415.98,416,415,1,0.02,0.14142,415.98,1,4
3.3,-94.5,-94.3,-91,-96,5,1.3571,1.165,94.307,4,1.62,-24,-23.62,-22,-25,3,0.44449,0.6667,23.629,1,1.24,-69,-69.24,-68,-77,9,1.9004,1.3786,69.253,-9,0.8,413,413.2,414,410,4,1.0204,1.0102,413.2,-4,4
3.38,-87.5,-87.38,-84,-90,6,1.5057,1.2271,87.388,2,2.44,-22.5,-22.44,-20,-24,4,0.70041,0.8369,22.455,2,2.34,-77,-77.34,-75,-81,6,1.8616,1.3644,77.352,-3,0.22,414,413.78,414,413,1,0.1751,0.41845,413.78,1,4
0.82,-85,-84.82,-84,-85,1,0.15061,0.38809,84.821,0,0.3,-19,-19.3,-19,-20,1,0.21429,0.46291,19.305,1,0.62,-81,-80.62,-80,-81,1,0.24041,0.49031,80.621,0,0,416,416,416,416,0,0,0,416,0,4
1.56,-85,-84.56,-83,-85,2,0.29224,0.5406,84.562,1,2.02,-19,-19.02,-17,-20,3,0.75469,0.86873,19.039,2,0.94,-81,-80.94,-80,-84,4,0.71061,0.84298,80.944,-1,0,416,416,416,416,0,0,0,416,0,4
0.38,-84,-84.38,-84,-85,1,0.24041,0.49031,84.381,0,1,-19,-19,-18,-21,3,0.28571,0.53452,19.007,0,2.04,-81,-81.04,-79,-82,3,0.40653,0.6376,81.042,1,0.26,416,415.74,416,415,1,0.19633,0.44309,415.74,-1,4
2.64,-89,-88.64,-86,-92,6,1.1331,1.0645,88.646,0,0.72,-23,-22.72,-22,-24,2,0.24653,0.49652,22.725,1,2.14,-76,-76.14,-74,-79,5,1.0616,1.0304,76.147,-1,0.6,412,412.4,413,411,2,0.28571,0.53452,412.4,1,4
0.92,-86,-85.92,-85,-87,2,0.11592,0.34047,85.921,1,1.2,-21,-21.2,-20,-22,2,0.20408,0.45175,21.205,0,1.1,-79,-79.1,-78,-81,3,0.29592,0.54398,79.102,0,0.72,415,415.28,416,415,1,0.20571,0.45356,415.28,0,4
0.6,-86,-85.6,-85,-87,2,0.28571,0.53452,85.602,1,0.94,-21,-20.94,-20,-22,2,0.22082,0.46991,20.945,0,0.42,-79,-79.42,-79,-81,2,0.37102,0.60911,79.422,-1,0.58,415,415.42,416,415,1,0.24857,0.49857,415.42,0,4
0.28,-84,-84.28,-84,-85,1,0.20571,0.45356,84.281,0,0.58,-19,-18.58,-18,-19,1,0.24857,0.49857,18.587,0,1.16,-81,-81.16,-80,-82,2,0.21878,0.46773,81.161,1,0,416,416,416,416,0,0,0,416,0,4
0.84,-84,-83.84,-83,-84,1,0.13714,0.37033,83.841,1,0.9,-18,-17.9,-17,-19,2,0.21429,0.46291,17.906,1,2.7,-82,-81.7,-79,-83,4,0.45918,0.67763,81.703,0,0,416,416,416,416,0,0,0,416,0,4
0.42,-85,-85.42,-85,-86,1,0.24857,0.49857,85.421,1,0.74,-21,-20.74,-20,-22,2,0.23714,0.48697,20.746,0,1.64,-80,-79.64,-78,-81,3,0.39837,0.63116,79.642,-1,0.42,416,415.58,416,415,1,0.24857,0.49857,415.58,1,4
1.18,-85,-85.18,-84,-86,2,0.27306,0.52255,85.182,0,0.92,-20,-19.92,-19,-21,2,0.44245,0.66517,19.931,2,1.16,-80,-80.16,-79,-81,2,0.38204,0.61809,80.162,-1,0,416,416,416,416,0,0,0,416,0,4
1.22,-84,-84.22,-83,-85,2,0.25673,0.50669,84.221,0,1.36,-18,-18.36,-17,-20,3,0.56163,0.74942,18.375,2,1.34,-81,-81.34,-80,-84,4,0.63714,0.79821,81.344,0,0,416,416,416,416,0,0,0,416,0,4
28.32,65.5,56.68,85,18,67,351.04,18.736,59.638,-50,10.24,-116,-119.24,-109,-131,22,49.574,7.0409,119.44,-14,9.68,15,15.32,25,5,20,15.732,3.9664,15.815,-9,11.58,391,392.42,404,380,24,46.779,6.8395,392.48,24,5
25.72,52,47.28,73,14,59,292.86,17.113,50.224,11,17.74,-123,-122.74,-105,-136,31,43.38,6.5863,122.91,-1,5.42,15,14.58,20,4,16,16.493,4.0612,15.124,-6,9.3,398.5,397.7,407,385,22,45.888,6.7741,397.76,-2,5
20.74,52,47.26,68,22,46,196.11,14.004,49.251,36,9.1,-123,-123.1,-114,-133,19,19.969,4.4687,123.18,5,11.3,7,8.7,20,0,20,36.99,6.0819,10.58,-6,10.14,399,398.86,409,388,21,38.041,6.1678,398.91,-8,5
20.9,54,51.1,72,18,54,174.7,13.218,52.749,-39,9.42,-122,-122.42,-113,-132,19,17.922,4.2334,122.49,-15,11.44,9.5,10.56,22,2,20,32.088,5.6646,11.957,2,7.86,402,402.14,410,392,18,19.184,4.38,402.16,18,5
31.24,68,57.76,89,10,79,566.43,23.8,62.38,-79,58.36,-114,-116.36,-58,-133,75,161.66,12.715,117.04,-19,17.48,17,16.52,34,-23,57,54.704,7.3962,18.07,-5,12.62,389,391.38,404,378,26,63.179,7.9485,391.46,26,5
24,53.5,48,72,9,63,216.33,14.708,50.16,19,11.22,-123.5,-123.22,-112,-140,28,27.032,5.1993,123.33,7,8.3,9,8.7,17,-8,25,28.255,5.3156,10.168,3,11.36,385.5,386.64,398,375,23,54.643,7.3921,386.71,-9,5
31.58,57,54.42,86,-3,89,378.86,19.464,57.731,15,19.12,-116.5,-119.12,-100,-146,46,97.373,9.8678,119.52,5,9.2,15,13.8,23,-4,27,24.898,4.9898,14.657,9,13.56,390,390.44,404,377,27,69.272,8.323,390.53,-4,5
40.02,65.5,57.98,98,20,78,486.8,22.063,61.958,2,15.58,-115.5,-117.58,-102,-133,31,83.8,9.1542,117.93,-4,10.08,15,14.92,25,-1,26,23.463,4.8438,15.672,-2,14.06,388.5,389.94,404,377,27,72.221,8.4983,390.03,-3,5
26.46,46.5,42.54,69,14,55,238.25,15.435,45.201,-36,10.28,-124,-124.28,-114,-131,17,21.553,4.6425,124.36,-6,11.3,12.5,10.7,22,0,22,43.194,6.5722,12.523,12,8.02,402.5,402.98,411,395,16,23.081,4.8043,403.01,16,5
24.08,54,51.92,76,17,59,186.65,13.662,53.653,-28,12.34,-121,-121.34,-109,-130,21,25.862,5.0854,121.44,-8,8.48,10,10.52,19,-1,20,27.112,5.2069,11.715,6,8.54,396,395.46,404,384,20,32.09,5.6648,395.5,15,5
61.78,68,62.22,124,23,101,500.34,22.368,66.043,3,21.8,-116,-116.8,-95,-135,40,78.367,8.8525,117.13,-19,17.76,15.5,15.24,33,-2,35,28.839,5.3702,16.141,3,14.3,386,388.7,403,377,26,67.276,8.2022,388.78,9,5
28.96,40,41.04,70,7,63,290.53,17.045,44.373,16,12.3,-126.5,-125.3,-113,-142,29,30.051,5.4819,125.42,4,14.34,15,12.66,27,2,25,36.188,6.0157,13.991,-11,7.86,404,403.14,411,392,19,32.449,5.6964,403.18,-4,5
26.46,47.5,43.54,70,18,52,230.17,15.171,46.058,10,10.06,-123,-124.06,-114,-133,19,25.241,5.0241,124.16,6,9.7,14.5,13.3,23,0,23,31.071,5.5742,14.399,2,7.56,401.5,401.44,409,389,20,26.864,5.183,401.47,-7,5
51.46,33.5,47.54,99,15,84,660.34,25.697,53.918,1,41.58,-126,-120.58,-79,-139,60,187.84,13.705,121.34,-10,20.42,17,17.58,38,7,31,26.575,5.1551,18.306,11,9.7,404,398.3,408,376,32,103.56,10.177,398.43,0,6
46.68,49,57.32,104,14,90,832.06,28.845,64.039,64,44.88,-121,-114.88,-70,-138,68,272.84,16.518,116.04,45,15.58,17.5,18.42,34,5,29,39.106,6.2535,19.432,-8,11.98,397,395.02,407,378,29,100.88,10.044,395.15,-23,6
45.06,67.5,62.94,108,14,94,926.59,30.44,69.782,-9,35.2,-116,-113.2,-78,-133,55,291.47,17.072,114.45,20,15.78,18,19.22,35,9,26,48.053,6.932,20.408,-17,12.76,397,397.24,410,383,27,89.207,9.4449,397.35,1,6
55.2,42.5,52.8,108,4,104,710.9,26.663,59.03,65,40.26,-125,-118.26,-78,-157,79,263.91,16.245,119.35,27,14.74,20,20.26,35,0,35,51.502,7.1765,21.47,11,10.38,405,402.62,413,386,27,74.281,8.6187,402.71,-15,6
48.86,44,53.14,102,24,78,574.69,23.973,58.198,-24,38.94,-121,-117.94,-79,-136,57,178.26,13.351,118.68,-12,12.82,17,17.18,30,8,22,24.681,4.968,17.87,-6,9.48,403,400.52,410,383,27,66.785,8.1722,400.6,13,6
53.24,41,52.76,106,14,92,746.47,27.322,59.289,21,34.94,-125,-117.94,-83,-138,55,227.69,15.089,118.88,1,12.5,17,17.5,30,9,21,18.949,4.353,18.023,3,11.14,403,398.86,410,381,29,92.613,9.6235,398.97,5,6
44.06,60.5,58.94,103,13,90,888.63,29.81,65.915,58,51.06,-120,-113.06,-62,-138,76,328.75,18.132,114.48,21,21.18,15.5,16.82,38,-1,39,55.742,7.4661,18.372,2,15.8,395,393.2,409,376,33,126.69,11.256,393.36,-33,6
12.72,34.5,33.28,46,13,33,61.308,7.8299,34.171,3,15.16,-127,-127.16,-112,-134,22,17.729,4.2106,127.23,-1,7.08,14,13.92,21,6,15,12.728,3.5677,14.361,3,1.68,422,422.32,424,420,4,1.4057,1.1856,422.32,2,7
9.92,34,32.08,42,14,28,39.789,6.3079,32.682,-16,10.74,-128,-127.74,-117,-138,21,8.8902,2.9816,127.77,-15,5.98,14.5,14.02,20,4,16,9.6118,3.1003,14.352,2,1.86,420,419.14,421,414,7,3.7963,1.9484,419.14,7,7
22.02,29,27.98,50,-6,56,162.06,12.73,30.687,3,10.44,-128.5,-128.44,-118,-143,25,16.007,4.0008,128.5,-4,6.22,15,13.78,20,4,16,14.787,3.8454,14.296,-4,2.32,425,424.68,427,420,7,3.7322,1.9319,424.68,0,7
12.48,31,29.52,42,14,28,52.744,7.2625,30.383,-7,5.98,-127.5,-127.98,-122,-132,10,5.4894,2.3429,128,-1,6.22,13,12.78,19,4,15,11.318,3.3642,13.207,4,1.86,420,420.14,422,417,5,1.7963,1.3403,420.14,1,7
17.4,28.5,26.6,44,-18,62,175.8,13.259,29.662,16,11.52,-128,-128.52,-117,-138,21,16.214,4.0266,128.58,4,7.94,13,12.06,20,-4,24,26.956,5.1919,13.11,9,3.92,422,421.08,425,413,12,8.0751,2.8417,421.09,0,7
22.04,30,27.96,50,-3,53,139.84,11.825,30.312,13,10.26,-128.5,-128.26,-118,-136,18,7.9514,2.8198,128.29,4,4.68,16,14.32,19,5,14,14.1,3.7549,14.795,4,2.86,423,423.14,426,419,7,4.8984,2.2132,423.15,1,7
17.24,31.5,29.76,47,-18,65,130.72,11.433,31.84,-14,12.86,-127,-127.86,-115,-138,23,17.511,4.1846,127.93,-4,8.98,15,14.02,23,-4,27,22.673,4.7616,14.791,-4,2.74,422,422.26,425,419,6,1.9514,1.3969,422.26,4,7
11.74,32,30.26,42,2,40,79.053,8.8912,31.514,-3,6.2,-128,-128.2,-122,-138,16,8.898,2.9829,128.23,2,4.02,14.5,13.98,18,7,11,8.469,2.9102,14.274,1,2.54,424,423.46,426,417,9,4.9065,2.2151,423.47,-6,7
12.38,35.5,33.62,46,13,33,50.077,7.0765,34.342,-6,7.18,-127,-127.18,-120,-134,14,8.8037,2.9671,127.21,0,5.74,15,14.26,20,6,14,11.462,3.3855,14.649,0,2.64,423,423.36,426,421,5,1.7453,1.3211,423.36,2,7
453.68,33.5,57.32,511,-193,704,13221,114.98,127.44,-4,175,-128.5,-114,61,-341,402,8557.1,92.504,146.23,6,73.42,9,4.58,78,-210,288,1596.2,39.953,39.816,-7,20.84,380,381.16,402,362,40,92.341,9.6094,381.28,-1,8
466.16,37.5,44.84,511,-512,1023,26848,163.85,168.29,-112,131.84,-122.5,-126.84,5,-470,475,9839.2,99.193,160.41,-9,188.1,7.5,9.9,198,-194,392,2489.2,49.891,50.372,-5,20.38,383,382.62,403,360,43,104.77,10.236,382.75,-5,8
468.62,28,42.38,511,-512,1023,17120,130.84,136.28,57,262.92,-133,-129.92,133,-512,645,15844,125.87,180.02,-18,201.98,10,1.02,203,-283,486,4939.6,70.282,69.583,23,19.84,384.5,384.16,404,358,46,130.34,11.417,384.33,-11,8
451.68,27,59.32,511,-147,658,18699,136.74,147.8,53,257.52,-128,-124.52,133,-512,645,12401,111.36,166.31,23,99.96,10,-9.96,90,-283,373,5469,73.953,73.884,0,20.3,383,383.7,404,363,41,119.11,10.914,383.85,-1,8
453.44,43.5,57.56,511,-512,1023,21592,146.94,156.44,8,214.04,-119.5,-112.04,102,-441,543,9396.4,96.935,147.52,6,149.96,8,2.04,152,-160,312,2400.7,48.997,48.548,-1,19.32,382.5,382.68,402,363,39,95.814,9.7885,382.8,5,8
256.08,52,58.92,315,-113,428,6987.7,83.593,101.59,13,122.28,-125,-121.28,1,-241,242,2915.2,53.992,132.54,17,56.98,2,2.02,59,-103,162,552.26,23.5,23.352,-14,10.24,408.5,405.76,416,386,30,67.329,8.2054,405.84,-3,9
134,37,48,182,-61,243,1976.6,44.459,65.124,-90,52.1,-126,-123.1,-71,-190,119,428.05,20.689,124.79,-2,104.76,6,3.24,108,-84,192,996.68,31.57,31.42,-3,12.96,406.5,405.04,418,386,32,54.488,7.3816,405.11,-6,9
219.96,56,63.04,283,-118,401,6393.2,79.958,101.19,12,113.14,-125,-120.14,-7,-221,214,2648.3,51.462,130.5,4,28.26,3,1.74,30,-53,83,223.46,14.949,14.9,5,8.98,412,409.02,418,396,22,47.857,6.9179,409.08,0,9
150.78,52.5,63.22,214,-73,287,3589.3,59.911,86.685,6,102.94,-121,-113.94,-11,-232,221,2378.8,48.773,123.75,-90,52.06,6,8.94,61,-66,127,269.49,16.416,18.548,-11,11.44,405.5,402.56,414,387,27,68.088,8.2516,402.64,8,9
222.46,48,60.54,283,-118,401,6978.9,83.54,102.49,-157,112.74,-127,-119.74,-7,-221,214,2803.2,52.945,130.71,15,29.72,1.5,0.28,30,-68,98,269.06,16.403,16.241,19,8.74,410,407.26,416,392,24,51.829,7.1992,407.32,-13,9
166.5,44,54.5,221,-155,376,5531.4,74.374,91.603,101,98.12,-125,-114.12,-16,-212,196,2116.4,46.004,122.87,-88,51.6,2,-1.6,50,-102,152,734.04,27.093,26.869,-6,9.22,409,406.78,416,392,24,49.196,7.014,406.84,-2,9
176.64,52.5,64.36,241,-73,314,3778.3,61.468,88.572,-14,101.44,-121,-116.44,-15,-222,207,1841.1,42.908,123.95,-137,35.3,1.5,3.7,39,-66,105,227.64,15.088,15.388,-5,9.54,408.5,405.46,415,390,25,58.702,7.6618,405.53,18,9
158.4,48,52.6,211,-50,261,3089.3,55.582,76.12,-153,121.22,-126.5,-128.22,-7,-229,222,2223.1,47.149,136.45,30,106.76,2.5,5.24,112,-50,162,428.55,20.702,21.153,59,10.3,406.5,404.7,415,388,27,51.929,7.2061,404.76,10,9
188.98,33,34.02,223,-138,361,5049.9,71.063,78.143,-87,102.18,-131.5,-132.18,-30,-290,260,2247.2,47.404,140.26,53,170.92,9.5,7.08,178,-177,355,2306.9,48.031,48.072,-81,14.16,405,405.84,420,387,33,74.913,8.6552,405.93,-7,9
267.66,38,47.34,315,-71,386,4508.2,67.143,81.604,3,125.84,-127,-124.84,1,-241,242,1859.2,43.119,131.94,4,59.74,1,-0.74,59,-103,162,616.6,24.832,24.593,-3,8.6,409.5,407.4,416,386,30,57.265,7.5674,407.47,-1,9
212.52,53,57.48,270,-65,335,4183.5,64.68,86.045,-23,110.94,-127,-124.94,-14,-203,189,1378,37.122,130.23,2,52.92,2,-2.92,50,-120,170,860.32,29.331,29.183,4,11.42,404,403.58,415,390,25,54.33,7.3709,403.65,3,9
199.5,51.5,54.5,254,-155,409,6643.7,81.509,97.371,-205,104.4,-123.5,-116.4,-12,-240,228,2448.4,49.482,126.29,46,51.74,2.5,-1.74,50,-102,152,845.26,29.073,28.834,1,10.04,408.5,406.96,417,392,25,42.284,6.5026,407.01,5,9
93.96,43.5,43.04,137,-91,228,2107.6,45.909,62.593,108,162.36,-128,-128.36,34,-250,284,1807.3,42.513,135.08,-20,49.78,6.5,8.22,58,-47,105,318.66,17.851,19.49,29,15.62,405,404.38,420,380,40,113.91,10.673,404.52,9,10
95.62,41.5,42.38,138,-154,292,2543.3,50.431,65.486,112,161.18,-127.5,-123.18,38,-250,288,2312.2,48.086,132.06,-24,34.7,5.5,5.3,40,-59,99,413.52,20.335,20.817,-2,13.96,406.5,407.04,421,382,39,109.92,10.484,407.17,-7,10
92.96,59.5,58.04,151,-78,229,1691,41.122,70.893,63,158.26,-124.5,-119.26,39,-266,305,3310.6,57.537,132.16,80,48.08,4,9.92,58,-26,84,232.24,15.239,18.055,-11,19.16,404.5,403.84,423,385,38,99.239,9.9619,403.96,0,10
134.14,32.5,44.86,179,-88,267,2399.1,48.981,66.057,-105,160.64,-130,-124.64,36,-291,327,2270.3,47.647,133.27,-15,59.28,6.5,1.72,61,-102,163,749.19,27.371,27.151,27,14.74,405.5,406.26,421,383,38,120.56,10.98,406.41,9,10
249.64,45,45.36,295,-137,432,2955.2,54.362,70.382,-42,129.28,-127,-122.28,7,-266,273,1887.7,43.448,129.62,30,48.64,11.5,9.36,58,-45,103,230.77,15.191,17.713,-13,13.94,408,409.06,423,388,35,86.017,9.2745,409.16,-1,10
75.12,59.5,61.88,137,-69,206,1623.6,40.294,73.622,29,160.52,-124,-121.52,39,-330,369,3417.6,58.461,134.6,11,63.06,5,8.94,72,-35,107,297.69,17.254,19.278,-1,19.18,398.5,398.82,418,380,38,113.99,10.676,398.96,17,10
196.1,32.5,24.9,221,-339,560,5459.5,73.888,77.268,104,178.18,-129,-127.18,51,-261,312,2329.1,48.261,135.86,-83,48.18,6,4.82,53,-191,244,1045,32.326,32.362,-4,14.76,404,402.24,417,380,37,79.411,8.9113,402.34,11,10
208.96,62.5,65.04,274,-88,362,3440,58.652,87.186,-37,163.56,-128.5,-125.56,38,-338,376,4561.6,67.539,142.25,-30,59.24,2,1.76,61,-102,163,542.96,23.302,23.134,22,19.28,399,398.72,418,383,35,73.512,8.5739,398.81,7,10
139.28,32.5,45.72,185,-110,295,3111.3,55.779,71.69,-106,120.96,-129,-120.96,0,-166,166,1434.3,37.872,126.64,30,84.34,9,9.66,94,-18,112,320.84,17.912,20.193,6,9.86,404.5,402.14,412,386,26,56.449,7.5133,402.21,11,10
211.32,52.5,59.68,271,-115,386,2906.3,53.911,80.062,9,137.5,-126,-120.5,17,-227,244,2465.2,49.651,130.14,198,47.8,1.5,6.2,54,-54,108,269.76,16.424,17.401,4,21.86,401,400.14,422,382,40,115.84,10.763,400.28,-4,10
208,33.5,39,247,-64,311,3018.1,54.937,66.923,1,148.18,-131.5,-127.18,21,-259,280,1688.4,41.091,133.53,-9,69.8,6,3.2,73,-77,150,763.96,27.64,27.549,30,13.48,405.5,403.52,417,378,39,111.76,10.572,403.66,30,10
104.7,59.5,47.3,152,-339,491,6179.7,78.611,91.068,463,183.04,-129,-132.04,51,-338,389,4386.2,66.229,147.42,122,44.16,5,8.84,53,-38,91,282.75,16.815,18.848,61,17.72,400.5,400.28,418,380,38,104.37,10.216,400.41,4,10
124.38,60.5,60.62,185,-110,295,3076.6,55.468,81.792,-168,155.02,-123,-116.02,39,-330,369,3492.8,59.1,129.94,-28,82.98,9.5,11.02,94,-55,149,607.04,24.638,26.765,98,18.96,398.5,400.04,419,381,38,93.917,9.6911,400.16,11,10
398.9,30,50.1,449,-167,616,11387,106.71,116.92,-30,148.6,-136.5,-156.6,-8,-338,330,5715.6,75.601,173.56,44,148.56,-7,-1.56,147,-89,236,1955.7,44.223,43.806,0,6.38,423,421.62,428,409,19,25.832,5.0825,421.65,-8,11
257.98,32,32.02,290,-235,525,6640.1,81.487,86.79,-140,110.4,-138.5,-158.4,-48,-301,253,3583,59.858,169.12,38,131.16,3,-5.16,126,-131,257,1863.9,43.173,43.049,-61,9.78,422,422.22,432,412,20,29.196,5.4033,422.25,3,11
352.74,35,73.26,426,-178,604,17504,132.3,150.07,-114,156.98,-132.5,-151.98,5,-316,321,4682.3,68.427,166.39,120,84.02,-1,2.98,87,-93,180,973.9,31.207,31.037,-60,6.66,420.5,418.34,425,405,20,31.984,5.6554,418.38,5,11
400.04,26,23.96,424,-512,936,16093,126.86,127.85,-1,160.2,-148,-167.2,-7,-416,409,7693.4,87.712,188.4,-43,110.02,-3,-1.02,109,-69,178,1360.1,36.88,36.523,-15,7.82,421,419.18,427,405,22,34.64,5.8856,419.22,-12,11
393.32,31,19.68,413,-508,921,27296,165.22,164.73,200,157.78,-145.5,-171.78,-14,-395,381,7680.6,87.639,192.45,202,167.08,0.5,9.92,177,-57,234,1853.3,43.05,43.757,39,7.42,423,421.58,429,408,21,31.8,5.6391,421.62,-2,11
350.18,37.5,50.82,401,-316,717,12947,113.79,123.58,-222,156.38,-135.5,-155.38,1,-330,331,4738.3,68.835,169.67,57,77.56,-3,0.44,78,-116,194,1223.1,34.974,34.625,-49,8.28,422.5,421.72,430,410,20,29.267,5.4099,421.75,6,11
391.6,32,39.4,431,-192,623,11634,107.86,113.82,98,167.98,-135,-158.98,9,-314,323,5173.5,71.927,174.2,98,74.18,1.5,0.82,75,-110,185,975.95,31.24,30.937,-114,6.84,422,421.16,428,407,21,28.015,5.2929,421.19,3,11
447.06,32.5,49.94,497,-512,1009,21657,147.16,154.01,40,160.88,-145.5,-167.88,-7,-416,409,6769.3,82.276,186.59,-87,143.84,0,6.16,150,-282,432,3517,59.304,59.03,12,8.96,420.5,419.04,428,405,23,32.488,5.6998,419.08,5,11
337.06,39.5,41.94,379,-144,523,8404.2,91.675,99.975,65,149.38,-138.5,-161.38,-12,-380,368,6089.7,78.036,178.92,-103,85.36,-1,-7.36,78,-120,198,1701.6,41.25,41.494,-40,8.32,424,422.68,431,410,21,28.793,5.366,422.71,-11,11
441.92,33,69.08,511,-157,668,19550,139.82,154.7,187,155.88,-139,-159.88,-4,-334,330,6362.1,79.763,178.32,-125,79.16,1,3.84,83,-100,183,1167.9,34.174,34.048,9,9.22,419.5,417.78,427,404,23,32.706,5.7189,417.82,-4,11
394.76,31,54.24,449,-512,961,22192,148.97,157.13,10,128.5,-136.5,-161.5,-33,-375,342,5432.3,73.704,177.22,1,127.42,-0.5,7.58,135,-66,201,1501.3,38.747,39.099,15,8.4,422,420.6,429,409,20,31.306,5.5952,420.64,10,11
356.42,32.5,47.58,404,-153,557,10406,102.01,111.63,12,141.38,-137.5,-159.38,-18,-340,322,4846.6,69.617,173.64,-91,71.04,0.5,3.96,75,-55,130,690.77,26.283,26.318,-27,6.98,423,421.02,428,409,19,22.796,4.7745,421.05,5,11
277.64,31.5,56.36,334,-146,480,9099,95.389,109.97,23,125.16,-142,-158.16,-33,-338,305,4487.4,66.988,171.5,-81,143.42,-4.5,3.58,147,-73,220,1630.4,40.378,40.132,16,10.68,421,420.32,431,409,22,29.732,5.4527,420.35,-6,11
406.24,34,67.76,474,-145,619,19485,139.59,153.91,233,170.4,-139.5,-162.4,8,-374,382,7407.7,86.068,183.39,4,97.94,1,4.06,102,-70,172,1231,35.086,34.969,42,7.26,421,419.74,427,407,20,33.421,5.7811,419.78,-11,11
288.86,28.5,29.14,318,-316,634,10393,101.95,105.05,81,165.52,-146,-160.52,5,-327,332,5738.1,75.75,177.17,-169,78.7,0.5,2.3,81,-116,197,1264,35.553,35.271,69,7.74,424,423.26,431,413,18,24.033,4.9024,423.29,-3,11
386.84,34,57.16,444,-512,956,23181,152.25,161.2,11,125.78,-138.5,-165.78,-40,-366,326,5612.1,74.914,181.61,10,127.6,-2,2.4,130,-69,199,1490,38.601,38.288,6,8.58,419.5,417.42,426,402,24,42.738,6.5375,417.47,10,11
403.76,37,84.24,488,-151,639,21777,147.57,168.64,-39,165.68,-135.5,-153.68,12,-328,340,6475,80.467,173.1,17,118.66,-1.5,6.34,125,-95,220,1876.1,43.314,43.344,43,7.64,421,419.36,427,408,19,30.48,5.5209,419.4,6,11
460.06,32,36.94,497,-490,987,27565,166.03,168.46,-531,170.86,-144.5,-169.86,1,-352,353,7498.2,86.592,190.26,-199,186.4,-2.5,5.6,192,-99,291,2335.8,48.33,48.171,173,7.78,422,420.22,428,405,23,35.073,5.9223,420.26,-10,11
271.24,33.5,49.76,321,-249,570,14397,119.99,128.78,339,154.22,-158,-166.22,-12,-338,326,5336.5,73.051,181.27,125,120.34,-3.5,-0.34,120,-80,200,1385.4,37.221,36.848,18,8.32,420,418.68,427,407,20,28.263,5.3163,418.71,-3,11
325.78,33.5,54.22,380,-192,572,14052,118.54,129.27,244,127.42,-139,-156.42,-29,-319,290,5134.5,71.655,171.75,80,109.96,-1,-0.96,109,-104,213,1167.6,34.171,33.841,92,8.2,422.5,421.8,430,407,23,27.347,5.2294,421.83,-9,11
282.74,33,42.26,325,-235,560,7994.6,89.413,98.085,-218,105.04,-135.5,-155.04,-50,-380,330,3883.6,62.318,166.86,12,136.56,-1,-10.56,126,-131,257,2738,52.326,52.866,-72,8.84,424,423.16,432,413,19,27.28,5.223,423.19,3,11
312.88,29,33.12,346,-441,787,18165,134.78,137.47,44,118.32,-141,-166.32,-48,-336,288,4888.3,69.916,180.15,-24,113.86,3,11.14,125,-51,176,1265.5,35.574,36.936,-9,6.96,423,421.04,428,411,17,28.651,5.3527,421.07,12,11
413.88,39.5,52.12,466,-512,978,20524,143.26,151.1,51,157.94,-140,-161.94,-4,-337,333,6515.4,80.718,180.58,24,138.84,3,4.16,143,-163,306,1713.6,41.395,41.19,25,8.76,422,419.24,428,407,21,33.329,5.7731,419.28,-8,11
346.2,33,48.8,395,-187,582,14377,119.9,128.34,119,167.5,-140.5,-162.5,5,-352,357,6941.9,83.318,182.23,-184,92.62,-4,-0.62,92,-93,185,1332.4,36.502,36.141,80,6.44,421,419.56,426,405,21,26.945,5.1909,419.59,-8,11
299.42,32.5,27.58,327,-512,839,19481,139.57,140.9,238,132.9,-146.5,-168.9,-36,-377,341,5984.8,77.362,185.45,-83,104.32,-1,2.68,107,-62,169,1080.7,32.874,32.654,67,9.72,421.5,419.28,429,401,28,44.777,6.6916,419.33,-16,11
370.96,31,53.04,424,-148,572,14048,118.52,128.76,46,166.18,-142,-164.18,2,-365,367,6828.1,82.632,183.43,137,98.54,-5,-0.54,98,-91,189,1556.4,39.451,39.059,33,8.72,419,418.28,427,405,22,35.226,5.9352,418.32,-4,11
431.68,36,52.32,484,-512,996,21358,146.14,153.84,-8,147.98,-139,-160.98,-13,-377,364,5509.4,74.225,176.96,12,100.4,2,6.6,107,-69,176,1065.7,32.645,32.984,0,9.56,421.5,419.44,429,401,28,36.782,6.0648,419.48,8,11
322.3,31,36.7,359,-278,637,11045,105.1,110.32,228,144.18,-140.5,-159.18,-15,-341,326,4151.7,64.434,171.48,9,104.12,-1,0.88,105,-104,209,941.29,30.68,30.385,101,9.42,421,420.58,430,407,23,26.902,5.1867,420.61,17,11
338.38,31.5,45.62,384,-227,611,13216,114.96,122.61,227,170,-141.5,-161,9,-341,350,6147.7,78.407,178.73,219,101.74,1,3.26,105,-63,168,1168,34.176,33.989,26,7.22,421,420.78,428,406,22,30.012,5.4783,420.81,-6,11
458.96,34.5,52.04,511,-430,941,27533,165.93,172.31,103,196.64,-175,-177.64,19,-478,497,9019.7,94.972,200.99,173,174.02,-1,-17.02,157,-231,388,6138.8,78.35,79.408,-185,10.94,423.5,422.06,433,403,30,52.629,7.2546,422.12,-7,12
382.32,40.5,80.68,463,-269,732,29925,172.99,189.3,-283,186.32,-163,-164.32,22,-299,321,5612.3,74.915,180.28,-96,238.14,14,7.86,246,-105,351,5275.8,72.635,72.333,-328,9.44,423,422.56,432,406,26,44.904,6.7011,422.61,2,12
442.94,37.5,68.06,511,-316,827,29534,171.85,183.24,-111,250.92,-173.5,-170.92,80,-478,558,7932.3,89.064,192.32,152,161.34,-2,-11.34,150,-184,334,5791,76.099,76.183,-122,9.48,422,422.52,432,407,25,43.03,6.5597,422.57,8,12
431.38,43,79.62,511,-333,844,26571,163.01,179.94,39,192.9,-165,-166.9,26,-310,336,6492.8,80.578,184.98,-150,211.24,11.5,-9.24,202,-280,482,9322.7,96.554,96.029,326,10.6,423,422.4,433,411,22,36.857,6.071,422.44,5,12
433.28,41,77.72,511,-379,890,31310,176.95,191.64,-143,194.5,-161,-164.5,30,-307,337,5904.9,76.843,181.24,-133,153.2,-11,-15.2,138,-235,373,5884.8,76.713,77.448,-42,11.54,419.5,419.46,431,403,28,55.151,7.4264,419.52,-18,12
427.04,62.5,83.96,511,-204,715,25727,160.4,179.62,368,181.68,-165,-161.68,20,-266,286,4614.5,67.93,175.11,62,211,-11,-17,194,-274,468,7563.6,86.969,87.757,-134,13.72,421.5,421.28,435,401,34,76.083,8.7226,421.37,-15,12
410.78,68,100.22,511,-313,824,34133,184.75,208.55,141,180.44,-168.5,-166.44,14,-368,382,8152,90.289,188.92,-112,270.18,4,-1.18,269,-273,542,9853.9,99.267,98.276,336,11.16,420,419.84,431,407,24,41.076,6.409,419.89,-1,12
360.28,55.5,72.72,433,-150,583,24936,157.91,172.41,79,180,-158.5,-169,11,-296,307,5352.5,73.161,183.87,149,221.28,6,-4.28,217,-176,393,6418.9,80.118,79.428,-195,11.42,423,422.58,434,406,28,49.759,7.054,422.64,-11,12
404.7,67,106.3,511,-162,673,28561,169,198.21,-263,180.06,-173.5,-173.06,7,-336,343,5816.5,76.266,188.81,86,172.18,22,8.82,181,-99,280,4414.2,66.44,66.361,-61,11.38,424,422.62,434,407,27,53.955,7.3454,422.68,14,12
406.98,77.5,104.02,511,-311,822,31878,178.54,205.09,162,209.72,-178,-176.72,33,-368,401,7806.9,88.357,197.18,28,428.28,1.5,-5.28,423,-227,650,12878,113.48,112.47,145,11.98,421,421.02,433,407,26,45.449,6.7416,421.07,1,12
416.54,62.5,94.46,511,-221,732,32964,181.56,203.05,442,189.42,-172.5,-172.42,17,-314,331,5662.6,75.25,187.82,81,323.98,9,-1.98,322,-129,451,8795.7,93.785,92.864,-169,11.32,422,422.68,434,411,23,40.508,6.3646,422.73,-3,12
453.08,44,57.92,511,-221,732,27303,165.24,173.53,56,178.2,-174.5,-190.2,-12,-398,386,7267.2,85.248,208.08,2,326.92,-22,-14.92,312,-162,474,8038,89.655,89.999,-118,12.36,423,422.64,435,406,29,47.419,6.8861,422.69,-20,12
434.22,51,76.78,511,-249,760,28664,169.31,184.35,61,172.62,-170.5,-171.62,1,-343,344,6016.7,77.567,188.02,38,237.38,7.5,-2.38,235,-178,413,6710.6,81.918,81.13,-45,10.14,422,421.86,432,408,24,40.817,6.3888,421.91,-14,12
430.26,48,80.74,511,-327,838,28292,168.2,185.05,453,199.98,-158.5,-164.98,35,-408,443,7360.4,85.793,185.56,124,214.82,-16.5,-17.82,197,-193,390,5149.4,71.759,73.239,175,11.14,423,421.86,433,408,25,47.878,6.9194,421.92,-13,12
450.38,50.5,60.62,511,-257,768,32239,179.55,187.8,-13,198.56,-165,-170.56,28,-337,365,6258.4,79.11,187.68,88,257.88,-24,-16.88,241,-168,409,6751,82.165,83.072,-210,10.64,420,419.36,430,394,36,48.521,6.9657,419.42,-12,12
435.7,42.5,75.3,511,-317,828,26230,161.96,177.13,182,167.24,-153.5,-153.24,14,-288,302,5202.3,72.127,169.06,20,108.46,11.5,-8.46,100,-217,317,3618,60.15,60.144,123,12.64,423,422.36,435,405,30,54.97,7.4142,422.42,-4,12
438.14,50.5,72.86,511,-295,806,25985,161.2,175.42,-246,161.24,-154.5,-165.24,-4,-295,291,5505,74.196,180.83,-81,143.42,18,5.58,149,-111,260,3940.4,62.773,62.392,-149,8.84,425,424.16,433,409,24,43.239,6.5757,424.21,5,12
411.22,60,99.78,511,-295,806,31526,177.56,202.12,-320,222.66,-152.5,-158.66,64,-345,409,7947.4,89.148,181.55,-96,365.28,14.5,7.72,373,-111,484,5382.3,73.364,73.036,3,9.94,423.5,423.06,433,405,28,44.67,6.6835,423.11,14,12
439.94,46,71.06,511,-183,694,24784,157.43,171.28,62,193.54,-154,-172.54,21,-346,367,7526.4,86.755,192.73,15,316.38,16.5,0.62,317,-173,490,7977.2,89.315,88.42,-81,9.44,424.5,422.56,432,408,24,44.047,6.6368,422.61,-17,12
430.96,42.5,80.04,511,-239,750,28761,169.59,185.99,48,190.1,-163.5,-177.1,13,-370,383,7552.9,86.908,196.89,-86,226.3,-10.5,-19.3,207,-210,417,6932.3,83.26,84.653,121,10.62,421,421.38,432,407,25,46.649,6.83,421.43,0,12
419.56,33.5,91.44,511,-98,609,24114,155.29,178.87,504,148.04,-146.5,-150.04,-2,-265,263,4292,65.513,163.46,124,180.12,12,1.88,182,-92,274,3716.8,60.965,60.382,-35,9.2,425.5,424.8,434,410,24,44.776,6.6915,424.85,-6,12
416.28,51,94.72,511,-180,691,28263,168.12,191.49,-197,225.58,-164.5,-161.58,64,-345,409,8381.5,91.55,185.26,49,365.3,22,7.7,373,-127,500,6637.1,81.468,81.016,56,10.94,422.5,422.06,433,406,27,41.69,6.4568,422.11,12,12
427.04,34.5,83.96,511,-134,645,28111,167.66,186,-495,171.18,-163,-165.18,6,-343,349,6053.4,77.804,182.25,-38,216.36,1.5,0.64,217,-156,373,6579.2,81.112,80.299,-300,10.24,423,422.76,433,408,25,38.431,6.1993,422.8,-1,12
431.3,47.5,79.7,511,-322,833,28885,169.96,186.17,162,186.54,-147.5,-165.54,21,-396,417,8238.1,90.764,188.35,-69,207.06,-6,-10.06,197,-137,334,4897,69.979,70.002,75,11.02,422,421.98,433,406,27,42.877,6.5481,422.03,-1,12
420.4,71,90.6,511,-313,824,35875,189.41,208.24,-404,173.56,-168,-169.56,4,-330,334,9073.4,95.254,194.02,-176,227.62,-6.5,-17.62,210,-207,417,8944.5,94.575,95.268,48,10.76,421,419.24,430,406,24,41.615,6.4509,419.29,2,12
431.38,53,79.62,511,-161,672,21464,146.51,165.45,159,155.38,-148.5,-154.38,1,-298,299,4430.4,66.562,167.85,-115,240.66,14.5,9.34,250,-122,372,6037.1,77.699,77.483,-9,11,423,422,433,407,26,51.592,7.1827,422.06,-14,12
425.5,65.5,85.5,511,-277,788,35907,189.49,206.15,191,183.56,-161.5,-168.56,15,-297,312,5810.8,76.229,184.68,-78,151.74,0,-10.74,141,-175,316,5579.2,74.694,74.719,140,9.22,422,421.78,431,406,25,39.44,6.2802,421.83,3,12
425.24,59,85.76,511,-161,672,28390,168.49,187.55,611,191.38,-164,-165.38,26,-295,321,5570,74.632,181.13,43,205.48,-5.5,-22.48,183,-280,463,8769.5,93.645,95.391,232,11.8,421,421.2,433,403,30,53.184,7.2927,421.26,-11,12
398.5,68,97.5,496,-466,962,33283,182.44,205.24,-216,187.98,-179,-170.98,17,-368,385,7817,88.414,192.08,63,262.64,15.5,6.36,269,-273,542,8956.1,94.637,93.901,41,10.66,420,420.34,431,407,24,40.637,6.3747,420.39,13,12
